{
  "parent":
    [
      {"Alex":"Paul"},
      {"Alex":"Anne"},
      {"Frans":"Alfred"},
      {"Alfred":"Peter"},
      {"Alfred":"Anita"},
      {"Bernard":"Peter"},
      {"Bernard":"Anita"},
      {"Maria":"Peter"},
      {"Maria":"Anita"},
      {"Eric":"Maria"},
      {"Eric":"Charles"},
      {"David":"Maria"},
      {"David":"Charles"},
      {"Joe":"Maria"},
      {"Joe":"Charles"},
      {"Anita":"Paul"},
      {"Anita":"Anne"},
      {"Bill":"Sam"},
      {"Bill":"Susan"},
      {"Claire":"Herman"},
      {"Robert":"Herman"},
      {"Herman":"Sam"},
      {"Herman":"Susan"},
      {"Richard":"Sam"},
      {"Richard":"Susan"},
      {"Tom":"Sam"},
      {"Tom":"Susan"},
      {"Sam":"Paul"},
      {"Sam":"Anne"},
      {"Max":"George"},
      {"Philip":"George"},
      {"George":"Paul"},
      {"George":"Anne"}
    ]
}
